{"data":[{
	"id":0,
	"sort": 1,
	"status": 0,
	"title":"一个快乐的一天",
	"explain":"一个快乐的一天一个快乐的一天一个快乐的一天一个快乐的一天一个快乐的一天一个快乐的一天一个快乐",
	"time":1538029613,
	"content":"一个快乐的一天一个快乐的一天一个快乐的一天一个快乐的一天一个快乐的一天一个快乐的一天一个快乐的一天一个快乐的一天一个快乐的一天一个快乐的一天一个快乐的一天一个快乐的一天一个快乐的一天一个快乐的一天一个快乐的一天"	
},{
	"id":2,
	"sort": 1,
	"status": 0,
	"title":"一个快乐的一天1",
	"explain":"一个快乐的一天一个快乐的一天一个快乐的一天一个快乐的一天一个快乐的一天一个快乐的一天一个快乐",
	"time":1538029613,
	"content":"一个快乐的一天一个快乐的一天一个快乐的一天一个快乐的一天一个快乐的一天一个快乐的一天一个快乐的一天一个快乐的一天一个快乐的一天一个快乐的一天一个快乐的一天一个快乐的一天一个快乐的一天一个快乐的一天一个快乐的一天"	
},{
	"id":3,
	"sort": 1,
	"status": 0,
	"title":"2018年秋季大促最新活动1",
	"explain":"一个简单的说明信息内容方便的加班的报告的白癜风你们疯了那么久",
	"time":1536722865,
	"content":"基本简介就是为了促进某种商品或服务的销售而进行降价或是赠送礼品等的行为活动，能在短期内达到促进销售，提升业绩，增加收益。促销活动种类1、限时折扣基本简介就是为了促进某种商品或服务的销售而进行降价或是赠送礼品等的行为活动，能在短期内达到促进销售，提升业绩，增加收益。促销活动种类1、限时折扣基本简介就是为了促进某种商品或服务的销售而进行降价或是赠送礼品等的行为活动，能在短期内达到促进销售，提升业绩，增加收益。促销活动种类1、限时折扣"	
},{
	"id":4,
	"sort": 2,
	"status": 1,
	"title":"一个快乐的一天2",
	"explain":"一个快乐的一天一个快乐的一天一个快乐的一天一个快乐的一天一个快乐的一天一个快乐的一天一个快乐",
	"time":1537597665,
	"content":"一个快乐的一天一个快乐的一天一个快乐的一天一个快乐的一天一个快乐的一天一个快乐的一天一个快乐的一天一个快乐的一天一个快乐的一天一个快乐的一天一个快乐的一天一个快乐的一天一个快乐的一天一个快乐的一天一个快乐的一天"	
}


]}
